Butik;url
Rema 1000;https://www.google.com/maps/place/Rema+1000/@56.140409,10.1087963,12z/data=!4m10!1m2!2m1!1sRema+1000!3m6!1s0x464c3f13445840f9:0xf32f1bf4f81a121!8m2!3d56.146834!4d10.194385!15sCglSZW1hIDEwMDAiA4gBAVoLIglyZW1hIDEwMDCSARRkaXNjb3VudF9zdXBlcm1hcmtldOABAA!16s%2Fg%2F11h0by6ssb?entry=ttu
Rema 1000;https://www.google.com/maps/place/Rema+1000/@56.140409,10.1087963,12z/data=!4m10!1m2!2m1!1sRema+1000!3m6!1s0x464c3fb4f0d8b42d:0x3c40ae016089cb27!8m2!3d56.15259!4d10.186298!15sCglSZW1hIDEwMDAiA4gBAVoLIglyZW1hIDEwMDCSARRkaXNjb3VudF9zdXBlcm1hcmtldOABAA!16s%2Fg%2F11h1kcmnb8?entry=ttu
Rema 1000;https://www.google.com/maps/place/Rema+1000/@56.140409,10.1087963,12z/data=!3m1!5s0x464c3feb456dc129:0x4f57ea980e4580a1!4m10!1m2!2m1!1sRema+1000!3m6!1s0x464c3feb5017f0bf:0x289e8dfd9b04eb1d!8m2!3d56.158324!4d10.198364!15sCglSZW1hIDEwMDAiA4gBAVoLIglyZW1hIDEwMDCSARRkaXNjb3VudF9zdXBlcm1hcmtldOABAA!16s%2Fg%2F11f0l3_zm4?entry=ttu
Rema 1000;https://www.google.com/maps/place/Rema+1000/@56.140409,10.1087963,12z/data=!3m1!5s0x464d91d94d8ca375:0x54f96c185d9e4f2b!4m10!1m2!2m1!1sRema+1000!3m6!1s0x464c3f95cfad96b9:0x349844dbb75494af!8m2!3d56.160333!4d10.207058!15sCglSZW1hIDEwMDAiA4gBAVoLIglyZW1hIDEwMDCSARRkaXNjb3VudF9zdXBlcm1hcmtldOABAA!16s%2Fg%2F11b6xfpg7w?entry=ttu
Rema 1000;https://www.google.com/maps/place/Rema+1000/@56.140409,10.1087963,12z/data=!4m10!1m2!2m1!1sRema+1000!3m6!1s0x464c400587ddd8a1:0x6a41d977f42715fe!8m2!3d56.1348778!4d10.1736289!15sCglSZW1hIDEwMDAiA4gBAVoLIglyZW1hIDEwMDCSARRkaXNjb3VudF9zdXBlcm1hcmtldOABAA!16s%2Fg%2F11bysjs25p?entry=ttu
Rema 1000;https://www.google.com/maps/place/Rema+1000/@56.140409,10.1087963,12z/data=!4m10!1m2!2m1!1sRema+1000!3m6!1s0x464c3fe2b19df2f1:0xbe3abab86e9db008!8m2!3d56.1549513!4d10.166258!15sCglSZW1hIDEwMDAiA4gBAVoLIglyZW1hIDEwMDCSARRkaXNjb3VudF9zdXBlcm1hcmtldOABAA!16s%2Fg%2F11xmzpbj0?entry=ttu
Rema 1000;https://www.google.com/maps/place/Rema+1000/@56.140409,10.1087963,12z/data=!3m1!5s0x464c3fbb1203b7d9:0x5a9c95ce752747e7!4m10!1m2!2m1!1sRema+1000!3m6!1s0x464c3fb9db1d2a11:0x59a3d276b4febc02!8m2!3d56.16924!4d10.21676!15sCglSZW1hIDEwMDAiA4gBAVoLIglyZW1hIDEwMDCSARRkaXNjb3VudF9zdXBlcm1hcmtldOABAA!16s%2Fg%2F1tnbjrb9?entry=ttu
Rema 1000;https://www.google.com/maps/place/Rema+1000/@56.140409,10.1087963,12z/data=!4m10!1m2!2m1!1sRema+1000!3m6!1s0x464c3fdca5eca2c3:0x8ce66f2e12394ee4!8m2!3d56.1700791!4d10.185158!15sCglSZW1hIDEwMDAiA4gBAVoLIglyZW1hIDEwMDCSARRkaXNjb3VudF9zdXBlcm1hcmtldOABAA!16s%2Fg%2F119v3lkhz?entry=ttu
Rema 1000;https://www.google.com/maps/place/Rema+1000/@56.140409,10.1087963,12z/data=!4m10!1m2!2m1!1sRema+1000!3m6!1s0x464c3fb9db1d2a11:0x3893f7e105f9ac74!8m2!3d56.1789028!4d10.2004903!15sCglSZW1hIDEwMDAiA4gBAVoLIglyZW1hIDEwMDCSARRkaXNjb3VudF9zdXBlcm1hcmtldOABAA!16s%2Fg%2F11xf951p5?entry=ttu
Rema 1000;https://www.google.com/maps/place/Rema+1000/@56.140409,10.1087963,12z/data=!4m10!1m2!2m1!1sRema+1000!3m6!1s0x464c403bfc1393db:0x9c010d30ecc2f2ee!8m2!3d56.1143582!4d10.1734573!15sCglSZW1hIDEwMDAiA4gBAVoLIglyZW1hIDEwMDCSARRkaXNjb3VudF9zdXBlcm1hcmtldOABAA!16s%2Fg%2F11clvxrwz7?entry=ttu
Rema 1000;https://www.google.com/maps/place/Rema+1000/@56.140409,10.1087963,12z/data=!4m10!1m2!2m1!1sRema+1000!3m6!1s0x464c3e47dbbd8e53:0x400d823519a694c0!8m2!3d56.1958107!4d10.2166605!15sCglSZW1hIDEwMDAiA4gBAVoLIglyZW1hIDEwMDCSARRkaXNjb3VudF9zdXBlcm1hcmtldOABAA!16s%2Fg%2F11h0jg_6c?entry=ttu
Rema 1000;https://www.google.com/maps/place/Rema+1000/@56.140409,10.1087963,12z/data=!4m10!1m2!2m1!1sRema+1000!3m6!1s0x464c3fa90ecca10d:0xb3cad94463454747!8m2!3d56.1887018!4d10.2159239!15sCglSZW1hIDEwMDAiA4gBAVoLIglyZW1hIDEwMDCSARRkaXNjb3VudF9zdXBlcm1hcmtldOABAA!16s%2Fg%2F11ghtqp6_q?entry=ttu
Rema 1000;https://www.google.com/maps/place/Rema+1000/@56.140409,10.1087963,12z/data=!4m10!1m2!2m1!1sRema+1000!3m6!1s0x464c40570f1f87a1:0xcdcaf62af76e7356!8m2!3d56.1043168!4d10.2063775!15sCglSZW1hIDEwMDAiA4gBAVoLIglyZW1hIDEwMDCSARRkaXNjb3VudF9zdXBlcm1hcmtldOABAA!16s%2Fg%2F1tj2m1pl?entry=ttu
Rema 1000;https://www.google.com/maps/place/Rema+1000/@56.1849261,9.8281068,11z/data=!4m10!1m2!2m1!1sRema+1000!3m6!1s0x464c1667d3cda40b:0x9338d42cfcc7998e!8m2!3d56.2547931!4d10.1541029!15sCglSZW1hIDEwMDAiA4gBAVoLIglyZW1hIDEwMDCSARRkaXNjb3VudF9zdXBlcm1hcmtldOABAA!16s%2Fg%2F1tppqkp2?entry=ttu
Rema 1000;https://www.google.com/maps/place/Rema+1000/@56.1849261,9.8281068,11z/data=!4m10!1m2!2m1!1sRema+1000!3m6!1s0x464c141dc9873627:0x8cf03980e52df0af!8m2!3d56.2383745!4d10.0872809!15sCglSZW1hIDEwMDAiA4gBAVoLIglyZW1hIDEwMDCSARRkaXNjb3VudF9zdXBlcm1hcmtldOABAA!16s%2Fg%2F11h1mq5yk?entry=ttu
Rema 1000;https://www.google.com/maps/place/Rema+1000/@56.1849261,9.8281068,11z/data=!4m10!1m2!2m1!1sRema+1000!3m6!1s0x464c13a2a5feb26f:0x8bffd22e15b56e3e!8m2!3d56.2110509!4d10.0225871!15sCglSZW1hIDEwMDAiA4gBAVoLIglyZW1hIDEwMDCSARRkaXNjb3VudF9zdXBlcm1hcmtldOABAA!16s%2Fg%2F11g_l3yp9?entry=ttu
Rema 1000;https://www.google.com/maps/place/Rema+1000/@56.1849261,9.8281068,11z/data=!4m10!1m2!2m1!1sRema+1000!3m6!1s0x464c6d33e39a5141:0x27fbdf8aa69a9865!8m2!3d56.1562414!4d9.9449189!15sCglSZW1hIDEwMDAiA4gBAVoLIglyZW1hIDEwMDCSARRkaXNjb3VudF9zdXBlcm1hcmtldOABAA!16s%2Fg%2F1tjkddjt?entry=ttu
Rema 1000;https://www.google.com/maps/place/Rema+1000/@56.1956242,9.9496425,11z/data=!4m10!1m2!2m1!1sRema+1000!3m6!1s0x464c1531f452f193:0x71ecc30cf221d413!8m2!3d56.1535249!4d10.116688!15sCglSZW1hIDEwMDAiA4gBAVoLIglyZW1hIDEwMDCSARRkaXNjb3VudF9zdXBlcm1hcmtldOABAA!16s%2Fg%2F11gzw0r29?entry=ttu
Rema 1000;https://www.google.com/maps/place/REMA+1000/@56.1956242,9.9496425,11z/data=!4m10!1m2!2m1!1sRema+1000!3m6!1s0x464c15905caefd95:0xd6af5a127f746a23!8m2!3d56.1853042!4d10.123319!15sCglSZW1hIDEwMDAiA4gBAVoLIglyZW1hIDEwMDCSARRkaXNjb3VudF9zdXBlcm1hcmtldOABAA!16s%2Fg%2F11tmfz_69d?entry=ttu
Rema 1000;https://www.google.com/maps/place/Rema+1000/@56.1852141,10.0681228,11.63z/data=!4m10!1m2!2m1!1sRema+1000!3m6!1s0x464c3fa90ecca10d:0xb3cad94463454747!8m2!3d56.1887018!4d10.2159239!15sCglSZW1hIDEwMDAiA4gBAVoLIglyZW1hIDEwMDCSARRkaXNjb3VudF9zdXBlcm1hcmtldOABAA!16s%2Fg%2F11ghtqp6_q?entry=ttu
Rema 1000;https://www.google.com/maps/place/Rema+1000/@56.1852141,10.0681228,11.63z/data=!4m10!1m2!2m1!1sRema+1000!3m6!1s0x464c3e47dbbd8e53:0x400d823519a694c0!8m2!3d56.1958107!4d10.2166605!15sCglSZW1hIDEwMDAiA4gBAVoLIglyZW1hIDEwMDCSARRkaXNjb3VudF9zdXBlcm1hcmtldOABAA!16s%2Fg%2F11h0jg_6c?entry=ttu
Rema 1000;https://www.google.com/maps/place/Rema+1000/@56.1852141,10.0681228,11.63z/data=!3m1!5s0x464c3e5d153c3cd3:0x3fa2c9eb334e10a5!4m10!1m2!2m1!1sRema+1000!3m6!1s0x464c3f9197065bcb:0xb5db184f392a7e5b!8m2!3d56.203814!4d10.23589!15sCglSZW1hIDEwMDAiA4gBAVoLIglyZW1hIDEwMDCSARRkaXNjb3VudF9zdXBlcm1hcmtldOABAA!16s%2Fg%2F11h3k6_vmg?entry=ttu
Rema 1000;https://www.google.com/maps/place/Rema+1000/@56.1852141,10.0681228,11.63z/data=!4m10!1m2!2m1!1sRema+1000!3m6!1s0x464c3ef311a667dd:0x8de23db1ee9a2db2!8m2!3d56.2015789!4d10.2602335!15sCglSZW1hIDEwMDAiA4gBAVoLIglyZW1hIDEwMDCSARRkaXNjb3VudF9zdXBlcm1hcmtldOABAA!16s%2Fg%2F11g5zz2myf?entry=ttu
Rema 1000;https://www.google.com/maps/place/Rema+1000/@56.1852141,10.0681228,11.63z/data=!4m10!1m2!2m1!1sRema+1000!3m6!1s0x464c3e9738b48e8b:0xb9d2f930e9880165!8m2!3d56.2116849!4d10.2788299!15sCglSZW1hIDEwMDAiA4gBAVoLIglyZW1hIDEwMDCSARRkaXNjb3VudF9zdXBlcm1hcmtldOABAA!16s%2Fg%2F1tgckx86?entry=ttu
Rema 1000;https://www.google.com/maps/place/Rema+1000/@56.044863,9.8021638,11z/data=!4m10!1m2!2m1!1sRema+1000!3m6!1s0x464c6993db5f8783:0xdf60d81ba4b42318!8m2!3d56.0449!4d10.0823101!15sCglSZW1hIDEwMDAiA4gBAVoLIglyZW1hIDEwMDCSARRkaXNjb3VudF9zdXBlcm1hcmtldOABAA!16s%2Fg%2F11bwh9ychw?authuser=0&entry=ttu
Rema 1000;https://www.google.com/maps/place/Rema+1000/@56.044863,9.8021638,11z/data=!4m10!1m2!2m1!1sRema+1000!3m6!1s0x464c6f0462a81803:0x544411bf8e095d41!8m2!3d56.0604418!4d9.983232!15sCglSZW1hIDEwMDAiA4gBAVoLIglyZW1hIDEwMDCSARRkaXNjb3VudF9zdXBlcm1hcmtldOABAA!16s%2Fg%2F11gk8y45v8?authuser=0&entry=ttu
Rema 1000;https://www.google.com/maps/place/Rema+1000/@56.044863,9.8021638,11z/data=!4m10!1m2!2m1!1sRema+1000!3m6!1s0x464c41952619ccdf:0xb58706d165d9d241!8m2!3d56.0733216!4d10.1670836!15sCglSZW1hIDEwMDAiA4gBAVoLIglyZW1hIDEwMDCSARRkaXNjb3VudF9zdXBlcm1hcmtldOABAA!16s%2Fg%2F1tp0c8d9?authuser=0&entry=ttu
Rema 1000;https://www.google.com/maps/place/Rema+1000/@56.044863,9.8021638,11z/data=!4m10!1m2!2m1!1sRema+1000!3m6!1s0x464c6a784ad810c3:0x4dfbe452ee845145!8m2!3d56.0911133!4d10.136327!15sCglSZW1hIDEwMDAiA4gBAVoLIglyZW1hIDEwMDCSARRkaXNjb3VudF9zdXBlcm1hcmtldOABAA!16s%2Fg%2F11g_d_sc_?authuser=0&entry=ttu
Rema 1000;https://www.google.com/maps/place/Rema+1000/@56.0992848,9.8035371,11z/data=!4m10!1m2!2m1!1sRema+1000!3m6!1s0x464c6d33e39a5141:0x27fbdf8aa69a9865!8m2!3d56.1562414!4d9.9449189!15sCglSZW1hIDEwMDAiA4gBAVoLIglyZW1hIDEwMDCSARRkaXNjb3VudF9zdXBlcm1hcmtldOABAA!16s%2Fg%2F1tjkddjt?authuser=0&entry=ttu
Rema 1000;https://www.google.com/maps/place/Rema+1000/@56.0992848,9.8035371,11z/data=!4m10!1m2!2m1!1sRema+1000!3m6!1s0x464c6a784ad810c3:0x4dfbe452ee845145!8m2!3d56.0911133!4d10.136327!15sCglSZW1hIDEwMDAiA4gBAVoLIglyZW1hIDEwMDCSARRkaXNjb3VudF9zdXBlcm1hcmtldOABAA!16s%2Fg%2F11g_d_sc_?authuser=0&entry=ttu
Rema 1000;https://www.google.com/maps/place/Rema+1000/@56.120178,10.0896752,12.39z/data=!4m10!1m2!2m1!1sRema+1000!3m6!1s0x464c40570f1f87a1:0xcdcaf62af76e7356!8m2!3d56.1043168!4d10.2063775!15sCglSZW1hIDEwMDAiA4gBAVoLIglyZW1hIDEwMDCSARRkaXNjb3VudF9zdXBlcm1hcmtldOABAA!16s%2Fg%2F1tj2m1pl?authuser=0&entry=ttu
Bilka;https://www.google.com/maps/place/Bilka+Tilst/@56.182549,10.1023557,16.94z/data=!4m10!1m2!2m1!1sbilka!3m6!1s0x464c14fcd2ba26fd:0xa3d8b059b15fed1d!8m2!3d56.1827176!4d10.1047497!15sCgViaWxrYSIDiAEBkgELc3VwZXJtYXJrZXTgAQA!16s%2Fg%2F1tfzkynr?authuser=0&entry=ttu
Dagli'Brugsen;https://www.google.com/maps/place/Dagli'Brugsen/@56.2477413,10.0624774,11.59z/data=!4m10!1m2!2m1!1sDagli'Brugsen!3m6!1s0x464c3c5e9aa64e77:0xf346beeadcfa8b53!8m2!3d56.262432!4d10.3012252!15sCg1EYWdsaSdCcnVnc2VuIgOIAQFaDyINZGFnbGkgYnJ1Z3NlbpIBC3N1cGVybWFya2V04AEA!16s%2Fg%2F11d_tqz612?authuser=0&entry=ttu
Dagli'Brugsen;https://www.google.com/maps/place/Dagli'Brugsen/@56.2477413,10.0624774,11.59z/data=!4m10!1m2!2m1!1sDagli'Brugsen!3m6!1s0x464c3c354a92ed9b:0xa4e4be07fa145a4!8m2!3d56.2468329!4d10.266884!15sCg1EYWdsaSdCcnVnc2VuIgOIAQFaDyINZGFnbGkgYnJ1Z3NlbpIBC3N1cGVybWFya2V04AEA!16s%2Fg%2F1hc32tw5g?authuser=0&entry=ttu
Dagli'Brugsen;https://www.google.com/maps/place/Dagli'Brugsen/@56.2065893,9.933158,11.59z/data=!4m10!1m2!2m1!1sDagli'Brugsen!3m6!1s0x464c1390394d2d7f:0xe672a1101587da1!8m2!3d56.2122222!4d10.0375!15sCg1EYWdsaSdCcnVnc2VuIgOIAQFaDyINZGFnbGkgYnJ1Z3NlbpIBC3N1cGVybWFya2V04AEA!16s%2Fg%2F11xbqyjnn?authuser=0&entry=ttu
Dagli'Brugsen;https://www.google.com/maps/place/Dagli'Brugsen/@56.1956589,10.0341457,11.59z/data=!4m10!1m2!2m1!1sDagli'Brugsen!3m6!1s0x464c152266c8bccb:0x5e07a227b212f7c6!8m2!3d56.168957!4d10.1164619!15sCg1EYWdsaSdCcnVnc2VuIgOIAQFaDyINZGFnbGkgYnJ1Z3NlbpIBC3N1cGVybWFya2V04AEA!16s%2Fg%2F11pbj23lmg?authuser=0&entry=ttu
Dagli'Brugsen;https://www.google.com/maps/place/Dagli'Brugsen/@56.1171847,9.7686777,11z/data=!4m10!1m2!2m1!1sDagli'Brugsen!3m6!1s0x464c6cffc3cfffff:0xfd5dad81dd520f90!8m2!3d56.1172643!4d9.9551242!15sCg1EYWdsaSdCcnVnc2VuIgOIAQFaDyINZGFnbGkgYnJ1Z3NlbpIBC3N1cGVybWFya2V04AEA!16s%2Fg%2F11hzs61ylb?authuser=0&entry=ttu
SuperBrugsen;https://www.google.com/maps/place/SuperBrugsen/@56.1577404,10.1168656,12z/data=!3m1!5s0x464c3feb55becb0b:0xd3ee628b300ebff4!4m10!1m2!2m1!1sSuperBrugsen!3m6!1s0x464c3feb549e83e9:0xc566b0403d383622!8m2!3d56.1577415!4d10.1987189!15sCgxTdXBlckJydWdzZW4iA4gBAVoOIgxzdXBlcmJydWdzZW6SAQtzdXBlcm1hcmtldOABAA!16s%2Fg%2F1hc2sl2tc?authuser=0&entry=ttu
SuperBrugsen;https://www.google.com/maps/place/SuperBrugsen/@56.1577404,10.1168656,12z/data=!4m10!1m2!2m1!1sSuperBrugsen!3m6!1s0x464c3f8ceb71df41:0x54518a03e98a8cff!8m2!3d56.1479812!4d10.1978662!15sCgxTdXBlckJydWdzZW4iA4gBAVoOIgxzdXBlcmJydWdzZW6SAQtzdXBlcm1hcmtldOABAA!16s%2Fg%2F1hc33fd4d?authuser=0&entry=ttu
SuperBrugsen;https://www.google.com/maps/place/SuperBrugsen/@56.1577404,10.1168656,12z/data=!4m10!1m2!2m1!1sSuperBrugsen!3m6!1s0x464c4042662a2315:0xad1a4283f15cdf25!8m2!3d56.11731!4d10.19464!15sCgxTdXBlckJydWdzZW4iA4gBAVoOIgxzdXBlcmJydWdzZW6SAQtzdXBlcm1hcmtldOABAA!16s%2Fg%2F1hc0x8spg?authuser=0&entry=ttu
SuperBrugsen;https://www.google.com/maps/place/SuperBrugsen/@56.1577404,10.1168656,12z/data=!4m10!1m2!2m1!1sSuperBrugsen!3m6!1s0x464c4059e64784f1:0x6efdde67f65b9155!8m2!3d56.1070616!4d10.2058149!15sCgxTdXBlckJydWdzZW4iA4gBAVoOIgxzdXBlcmJydWdzZW6SAQtzdXBlcm1hcmtldOABAA!16s%2Fg%2F124sv_tyg?authuser=0&entry=ttu
SuperBrugsen;https://www.google.com/maps/place/SuperBrugsen/@56.2474569,10.0341611,11.6z/data=!4m10!1m2!2m1!1sSuperBrugsen!3m6!1s0x464c23347c5cbee5:0x4712c511f7287ccd!8m2!3d56.3143535!4d10.3191514!15sCgxTdXBlckJydWdzZW4iA4gBAVoOIgxzdXBlcmJydWdzZW6SAQtzdXBlcm1hcmtldOABAA!16s%2Fg%2F1hc5yqh8d?authuser=0&entry=ttu
SuperBrugsen;https://www.google.com/maps/place/SuperBrugsen/@56.2474569,10.0341611,11.6z/data=!4m10!1m2!2m1!1sSuperBrugsen!3m6!1s0x464c3c9276ae211d:0xe2ae4200a77bcbc3!8m2!3d56.2777083!4d10.3184983!15sCgxTdXBlckJydWdzZW4iA4gBAVoOIgxzdXBlcmJydWdzZW6SAQtzdXBlcm1hcmtldOABAA!16s%2Fg%2F1hc63p6m4?authuser=0&entry=ttu
SuperBrugsen;https://www.google.com/maps/place/SuperBrugsen/@56.2474569,10.0341611,11.6z/data=!4m10!1m2!2m1!1sSuperBrugsen!3m6!1s0x464c3ddd1e420f7b:0x3bb8f4ed6d5c238a!8m2!3d56.2374989!4d10.2339668!15sCgxTdXBlckJydWdzZW4iA4gBAVoOIgxzdXBlcmJydWdzZW6SAQtzdXBlcm1hcmtldOABAA!16s%2Fg%2F1hc8c_chq?authuser=0&entry=ttu
SuperBrugsen;https://www.google.com/maps/place/SuperBrugsen/@56.2351216,9.9607723,11.6z/data=!3m1!5s0x464c1148242dc165:0x1adb6b363bea31a4!4m10!1m2!2m1!1sSuperBrugsen!3m6!1s0x464c1148242e03e1:0x549bece970c05ef!8m2!3d56.264473!4d10.0620418!15sCgxTdXBlckJydWdzZW4iA4gBAVoOIgxzdXBlcmJydWdzZW6SAQtzdXBlcm1hcmtldOABAA!16s%2Fg%2F1hc2bjkxw?authuser=0&entry=ttu
SuperBrugsen;https://www.google.com/maps/place/SuperBrugsen/@56.0732754,10.0811954,11.64z/data=!4m10!1m2!2m1!1sSuperBrugsen!3m6!1s0x464c4042662a2315:0xad1a4283f15cdf25!8m2!3d56.11731!4d10.19464!15sCgxTdXBlckJydWdzZW4iA4gBAVoOIgxzdXBlcmJydWdzZW6SAQtzdXBlcm1hcmtldOABAA!16s%2Fg%2F1hc0x8spg?authuser=0&entry=ttu
SuperBrugsen;https://www.google.com/maps/place/SuperBrugsen/@56.0732754,10.0811954,11.64z/data=!4m10!1m2!2m1!1sSuperBrugsen!3m6!1s0x464c4059e64784f1:0x6efdde67f65b9155!8m2!3d56.1070616!4d10.2058149!15sCgxTdXBlckJydWdzZW4iA4gBAVoOIgxzdXBlcmJydWdzZW6SAQtzdXBlcm1hcmtldOABAA!16s%2Fg%2F124sv_tyg?authuser=0&entry=ttu
SuperBrugsen;https://www.google.com/maps/place/SuperBrugsen/@56.0732754,10.0811954,11.64z/data=!3m1!5s0x464c417aff850905:0x91ad8d8395dd459b!4m10!1m2!2m1!1sSuperBrugsen!3m6!1s0x464c417a541e7635:0x743595c0a492d348!8m2!3d56.0588279!4d10.2053293!15sCgxTdXBlckJydWdzZW4iA4gBAVoOIgxzdXBlcmJydWdzZW6SAQtzdXBlcm1hcmtldOABAA!16s%2Fg%2F124t2cmcc?authuser=0&entry=ttu
SuperBrugsen;https://www.google.com/maps/place/SuperBrugsen/@56.0732754,10.0811954,11.64z/data=!4m10!1m2!2m1!1sSuperBrugsen!3m6!1s0x464c43ce7ab1409b:0xe3c674b2706882a!8m2!3d56.0373321!4d10.1941615!15sCgxTdXBlckJydWdzZW4iA4gBAVoOIgxzdXBlcmJydWdzZW6SAQtzdXBlcm1hcmtldOABAA!16s%2Fg%2F1hc7kr6t4?authuser=0&entry=ttu
SuperBrugsen;https://www.google.com/maps/place/SuperBrugsen/@56.0732754,10.0811954,11.64z/data=!4m10!1m2!2m1!1sSuperBrugsen!3m6!1s0x464c41ed2abcc059:0xad8d85bbef665eb5!8m2!3d56.0675805!4d10.1640273!15sCgxTdXBlckJydWdzZW4iA4gBAVoOIgxzdXBlcmJydWdzZW6SAQtzdXBlcm1hcmtldOABAA!16s%2Fg%2F11xfkr37r?authuser=0&entry=ttu
SuperBrugsen;https://www.google.com/maps/place/SuperBrugsen/@56.0732754,10.0811954,11.64z/data=!4m10!1m2!2m1!1sSuperBrugsen!3m6!1s0x464c41ed2abcc059:0xad8d85bbef665eb5!8m2!3d56.0675805!4d10.1640273!15sCgxTdXBlckJydWdzZW4iA4gBAVoOIgxzdXBlcmJydWdzZW6SAQtzdXBlcm1hcmtldOABAA!16s%2Fg%2F11xfkr37r?authuser=0&entry=ttu
SuperBrugsen;https://www.google.com/maps/place/SuperBrugsen/@56.0906426,9.9566071,11z/data=!4m10!1m2!2m1!1sSuperBrugsen!3m6!1s0x464c69bfd7964efb:0x65a7658742ef6394!8m2!3d56.0373743!4d10.0835815!15sCgxTdXBlckJydWdzZW4iA4gBAVoOIgxzdXBlcmJydWdzZW6SAQtzdXBlcm1hcmtldOABAA!16s%2Fg%2F11y8sp8_0?authuser=0&entry=ttu
SuperBrugsen;https://www.google.com/maps/place/SuperBrugsen/@56.0906426,9.9566071,11z/data=!4m10!1m2!2m1!1sSuperBrugsen!3m6!1s0x464c6b010578b449:0xaee5adc1c4571076!8m2!3d56.109124!4d10.0772474!15sCgxTdXBlckJydWdzZW4iA4gBAVoOIgxzdXBlcmJydWdzZW6SAQtzdXBlcm1hcmtldOABAA!16s%2Fg%2F1hc3w19g8?authuser=0&entry=ttu
SuperBrugsen;https://www.google.com/maps/place/SuperBrugsen/@56.0948561,9.8275177,11z/data=!4m10!1m2!2m1!1sSuperBrugsen!3m6!1s0x464c6b95302a663d:0x2985dd951fec595a!8m2!3d56.087112!4d10.0374736!15sCgxTdXBlckJydWdzZW4iA4gBAVoOIgxzdXBlcmJydWdzZW6SAQtzdXBlcm1hcmtldOABAA!16s%2Fg%2F1tfzqj51?authuser=0&entry=ttu
Dagli'Brugsen;https://www.google.com/maps/place/Dagli'Brugsen/@56.1698159,9.8760763,10.99z/data=!4m10!1m2!2m1!1sDagli'Brugsen!3m6!1s0x464c3c5e9aa64e77:0xf346beeadcfa8b53!8m2!3d56.262432!4d10.3012252!15sCg1EYWdsaSdCcnVnc2VuIgOIAQFaDyINZGFnbGkgYnJ1Z3NlbpIBC3N1cGVybWFya2V04AEA!16s%2Fg%2F11d_tqz612?authuser=0&entry=ttu
Dagli'Brugsen;https://www.google.com/maps/place/Dagli'Brugsen/@56.1698159,9.8760763,10.99z/data=!4m10!1m2!2m1!1sDagli'Brugsen!3m6!1s0x464c3c354a92ed9b:0xa4e4be07fa145a4!8m2!3d56.2468329!4d10.266884!15sCg1EYWdsaSdCcnVnc2VuIgOIAQFaDyINZGFnbGkgYnJ1Z3NlbpIBC3N1cGVybWFya2V04AEA!16s%2Fg%2F1hc32tw5g?authuser=0&entry=ttu
Dagli'Brugsen;https://www.google.com/maps/place/Dagli'Brugsen/@56.1698159,9.8760763,10.99z/data=!4m10!1m2!2m1!1sDagli'Brugsen!3m6!1s0x464c1390394d2d7f:0xe672a1101587da1!8m2!3d56.2122222!4d10.0375!15sCg1EYWdsaSdCcnVnc2VuIgOIAQFaDyINZGFnbGkgYnJ1Z3NlbpIBC3N1cGVybWFya2V04AEA!16s%2Fg%2F11xbqyjnn?authuser=0&entry=ttu
Dagli'Brugsen;https://www.google.com/maps/place/Dagli'Brugsen/@56.1698159,9.8760763,10.99z/data=!4m10!1m2!2m1!1sDagli'Brugsen!3m6!1s0x464c1390394d2d7f:0xe672a1101587da1!8m2!3d56.2122222!4d10.0375!15sCg1EYWdsaSdCcnVnc2VuIgOIAQFaDyINZGFnbGkgYnJ1Z3NlbpIBC3N1cGVybWFya2V04AEA!16s%2Fg%2F11xbqyjnn?authuser=0&entry=ttu
Dagli'Brugsen;https://www.google.com/maps/place/Dagli'Brugsen/@56.1840213,9.6806367,11z/data=!4m10!1m2!2m1!1sDagli'Brugsen!3m6!1s0x464c6cffc3cfffff:0xfd5dad81dd520f90!8m2!3d56.1172643!4d9.9551242!15sCg1EYWdsaSdCcnVnc2VuIgOIAQFaDyINZGFnbGkgYnJ1Z3NlbpIBC3N1cGVybWFya2V04AEA!16s%2Fg%2F11hzs61ylb?authuser=0&entry=ttu
365discount;https://www.google.com/maps/place/365discount+Risskov/@56.1453147,10.1977997,12.55z/data=!4m11!1m3!2m2!1s365+discount!6e2!3m6!1s0x464c3f8f3e281fff:0x35f524aa98ad0808!8m2!3d56.1926983!4d10.2422104!15sCgwzNjUgZGlzY291bnRaDiIMMzY1IGRpc2NvdW50kgELc3VwZXJtYXJrZXTgAQA!16s%2Fg%2F1s04dqj5s?authuser=0&entry=ttu
365discount;https://www.google.com/maps/place/365discount+Risskov/@56.1453147,10.1977997,12.55z/data=!4m11!1m3!2m2!1s365+discount!6e2!3m6!1s0x464c3f8f3e281fff:0x35f524aa98ad0808!8m2!3d56.1926983!4d10.2422104!15sCgwzNjUgZGlzY291bnRaDiIMMzY1IGRpc2NvdW50kgELc3VwZXJtYXJrZXTgAQA!16s%2Fg%2F1s04dqj5s?authuser=0&entry=ttu
365discount;https://www.google.com/maps/place/365discount+Aarhus,+Norges+Alle/@56.1798653,10.0711637,12z/data=!4m11!1m3!2m2!1s365+discount!6e2!3m6!1s0x464c3fc8dd01d035:0x52c7b286357e3b05!8m2!3d56.1767446!4d10.2002083!15sCgwzNjUgZGlzY291bnRaDiIMMzY1IGRpc2NvdW50kgELc3VwZXJtYXJrZXTgAQA!16s%2Fg%2F1q5hrm02r?authuser=0&entry=ttu
365discount;https://www.google.com/maps/place/365discount+Tr%C3%B8jborg/@56.1798653,10.0711637,12z/data=!4m11!1m3!2m2!1s365+discount!6e2!3m6!1s0x464c3fb082e7f8ed:0xe5d7a1e8f16cbcca!8m2!3d56.1733803!4d10.2162785!15sCgwzNjUgZGlzY291bnRaDiIMMzY1IGRpc2NvdW50kgELc3VwZXJtYXJrZXTgAQA!16s%2Fg%2F11y31g7rl?authuser=0&entry=ttu
365discount;https://www.google.com/maps/place/365discount+Aarhus,+Viborgvej/@56.1798653,10.0711637,12z/data=!4m11!1m3!2m2!1s365+discount!6e2!3m6!1s0x464c156736aef2cf:0x47c1d809cefdfe6c!8m2!3d56.1681801!4d10.1617718!15sCgwzNjUgZGlzY291bnRaDiIMMzY1IGRpc2NvdW50kgELc3VwZXJtYXJrZXTgAQA!16s%2Fg%2F1s04b9_q6?authuser=0&entry=ttu
365discount;https://www.google.com/maps/place/365discount+%C3%85rhus,+M%C3%B8lleparken/@56.1798653,10.0711637,12z/data=!4m11!1m3!2m2!1s365+discount!6e2!3m6!1s0x464c3f0ab66fa48d:0xf07e15a3dbc431c6!8m2!3d56.1573152!4d10.1999698!15sCgwzNjUgZGlzY291bnRaDiIMMzY1IGRpc2NvdW50kgELc3VwZXJtYXJrZXTgAQA!16s%2Fg%2F11nclxf4gz?authuser=0&entry=ttu
365discount;https://www.google.com/maps/place/365discount+Langen%C3%A6s/@56.1798653,10.0711637,12z/data=!4m11!1m3!2m2!1s365+discount!6e2!3m6!1s0x464c3ff5eed76e2f:0x71b2bda688159902!8m2!3d56.1426957!4d10.1863245!15sCgwzNjUgZGlzY291bnRaDiIMMzY1IGRpc2NvdW50kgEUZGlzY291bnRfc3VwZXJtYXJrZXTgAQA!16s%2Fg%2F11xc0pf40?authuser=0&entry=ttu
365discount;https://www.google.com/maps/place/365discount+Viby,+Holme+M%C3%B8llevej/@56.1798653,10.0711637,12z/data=!4m11!1m3!2m2!1s365+discount!6e2!3m6!1s0x464c4017b39716d9:0x7618fdcc480055d1!8m2!3d56.1223284!4d10.1726516!15sCgwzNjUgZGlzY291bnRaDiIMMzY1IGRpc2NvdW50kgELc3VwZXJtYXJrZXTgAQA!16s%2Fg%2F11xqd1jvy?authuser=0&entry=ttu
365discount;https://www.google.com/maps/place/365discount+Hadsten/@56.3284592,9.8526941,11z/data=!4m11!1m3!2m2!1s365discount!6e2!3m6!1s0x464c108478000a79:0xf0053298a372fdeb!8m2!3d56.3284428!4d10.0456446!15sCgszNjVkaXNjb3VudFoNIgszNjVkaXNjb3VudJIBC3N1cGVybWFya2V04AEA!16s%2Fg%2F11bbswww39?authuser=0&entry=ttu
365discount;https://www.google.com/maps/place/365discount+Hornslet/@56.3284592,9.8526941,11z/data=!4m11!1m3!2m2!1s365discount!6e2!3m6!1s0x464c2333e50deb5d:0xb93d16aee7054885!8m2!3d56.3165893!4d10.3181953!15sCgszNjVkaXNjb3VudFoNIgszNjVkaXNjb3VudJIBC3N1cGVybWFya2V04AEA!16s%2Fg%2F11xx4h0b1?authuser=0&entry=ttu
365discount;https://www.google.com/maps/place/365discount+Hinnerup/@56.3284592,9.8526941,11z/data=!4m11!1m3!2m2!1s365discount!6e2!3m6!1s0x464c1137d42cb85f:0xe4eebe54b8d34908!8m2!3d56.2648941!4d10.0633318!15sCgszNjVkaXNjb3VudFoNIgszNjVkaXNjb3VudJIBC3N1cGVybWFya2V04AEA!16s%2Fg%2F11xj82sp2?authuser=0&entry=ttu
365discount;https://www.google.com/maps/place/365discount+Sk%C3%B8dstrup/@56.3284592,9.8526941,11z/data=!4m11!1m3!2m2!1s365discount!6e2!3m6!1s0x464c3c603d988ae9:0xcc40d51b5bff274e!8m2!3d56.2658583!4d10.3097717!15sCgszNjVkaXNjb3VudFoNIgszNjVkaXNjb3VudJIBC3N1cGVybWFya2V04AEA!16s%2Fg%2F1pzsg4f3k?authuser=0&entry=ttu
365discount;https://www.google.com/maps/place/365discount+Mundelstrup/@56.1886657,10.0197504,11.54z/data=!4m11!1m3!2m2!1s365discount!6e2!3m6!1s0x464c14fe835da0d1:0x2b2f646bf1ef8de9!8m2!3d56.1881224!4d10.1071483!15sCgszNjVkaXNjb3VudFoNIgszNjVkaXNjb3VudJIBC3N1cGVybWFya2V04AEA!16s%2Fg%2F1s04cxv54?authuser=0&entry=ttu
365discount;https://www.google.com/maps/place/365discount+Hasle/@56.1886657,10.0197504,11.54z/data=!4m11!1m3!2m2!1s365discount!6e2!3m6!1s0x464c157c826b8a75:0xcd91907913e19e6!8m2!3d56.1798912!4d10.1668139!15sCgszNjVkaXNjb3VudFoNIgszNjVkaXNjb3VudJIBC3N1cGVybWFya2V04AEA!16s%2Fg%2F11ycfckh8?authuser=0&entry=ttu
365discount;https://www.google.com/maps/place/365discount+Stavtrup/@56.0625421,10.0309347,11.6z/data=!4m11!1m3!2m2!1s365discount!6e2!3m6!1s0x464c6ac105cca8a3:0xf13b93287fbd6a9d!8m2!3d56.1283324!4d10.1171116!15sCgszNjVkaXNjb3VudFoNIgszNjVkaXNjb3VudJIBC3N1cGVybWFya2V04AEA!16s%2Fg%2F11b5phy7w8?authuser=0&entry=ttu
365discount;https://www.google.com/maps/place/365discount+Viby,+Mega+Syd/@56.0625421,10.0309347,11.6z/data=!4m11!1m3!2m2!1s365discount!6e2!3m6!1s0x464c402733e0e069:0x8fa904c560404ba2!8m2!3d56.1161498!4d10.1512089!15sCgszNjVkaXNjb3VudFoNIgszNjVkaXNjb3VudJIBC3N1cGVybWFya2V04AEA!16s%2Fg%2F11bbtbf2jj?authuser=0&entry=ttu
365discount;https://www.google.com/maps/place/365discount+Tranbjerg/@56.0625421,10.0309347,11.6z/data=!4m11!1m3!2m2!1s365discount!6e2!3m6!1s0x464c6a7155555555:0xcfc2fdf21345d0a3!8m2!3d56.0853055!4d10.11881!15sCgszNjVkaXNjb3VudFoNIgszNjVkaXNjb3VudJIBC3N1cGVybWFya2V04AEA!16s%2Fg%2F1hc146_8k?authuser=0&entry=ttu
365discount;https://www.google.com/maps/place/365discount+Tranbjerg/@56.0625421,10.0309347,11.6z/data=!4m11!1m3!2m2!1s365discount!6e2!3m6!1s0x464c6a7155555555:0xcfc2fdf21345d0a3!8m2!3d56.0853055!4d10.11881!15sCgszNjVkaXNjb3VudFoNIgszNjVkaXNjb3VudJIBC3N1cGVybWFya2V04AEA!16s%2Fg%2F1hc146_8k?authuser=0&entry=ttu
365discount;https://www.google.com/maps/place/365discount+Skanderborg,+Kildevej/@56.0857103,9.851443,11z/data=!4m11!1m3!2m2!1s365discount!6e2!3m6!1s0x464c6eec346eb4d5:0x106916adfbc2b490!8m2!3d56.0442637!4d9.9468859!15sCgszNjVkaXNjb3VudFoNIgszNjVkaXNjb3VudJIBC3N1cGVybWFya2V04AEA!16s%2Fg%2F1s04js2s1?authuser=0&entry=ttu
365discount;https://www.google.com/maps/place/365discount+Tranbjerg/@56.0857103,9.851443,11z/data=!4m11!1m3!2m2!1s365discount!6e2!3m6!1s0x464c6a7155555555:0xcfc2fdf21345d0a3!8m2!3d56.0853055!4d10.11881!15sCgszNjVkaXNjb3VudFoNIgszNjVkaXNjb3VudJIBC3N1cGVybWFya2V04AEA!16s%2Fg%2F1hc146_8k?authuser=0&entry=ttu
365discount;https://www.google.com/maps/place/365discount+Solbjerg/@56.0857103,9.851443,11z/data=!4m11!1m3!2m2!1s365discount!6e2!3m6!1s0x464c6993abe3de79:0xc036fb2b139e55de!8m2!3d56.045495!4d10.085505!15sCgszNjVkaXNjb3VudFoNIgszNjVkaXNjb3VudJIBC3N1cGVybWFya2V04AEA!16s%2Fg%2F11b6mqbb7z?authuser=0&entry=ttu
365discount;https://www.google.com/maps/place/365discount+Malling/@56.0857103,9.851443,11z/data=!4m11!1m3!2m2!1s365discount!6e2!3m6!1s0x464c43cdb9357fe3:0x4328a2d8073ac3af!8m2!3d56.0379243!4d10.1914424!15sCgszNjVkaXNjb3VudFoNIgszNjVkaXNjb3VudJIBC3N1cGVybWFya2V04AEA!16s%2Fg%2F1s049jlm7?authuser=0&entry=ttu
Lidl;https://www.google.com/maps/place/Lidl/@56.169084,10.0095472,11z/data=!4m10!1m2!2m1!1slidl!3m6!1s0x4652be615eb1ef7b:0xd6001d9fa8533d31!8m2!3d56.169084!4d10.160983!15sCgRsaWRsIgOIAQFaBiIEbGlkbJIBC3N1cGVybWFya2V04AEA!16s%2Fg%2F11_tzpdwy?entry=ttu
Lidl;https://www.google.com/maps/place/Lidl/@56.169084,10.0095472,11z/data=!4m10!1m2!2m1!1slidl!3m6!1s0x464c3ff80f41db0d:0xefdbd62f0e006d6e!8m2!3d56.1533!4d10.20349!15sCgRsaWRsIgOIAQFaBiIEbGlkbJIBC3N1cGVybWFya2V04AEA!16s%2Fg%2F11sttvn4gm?entry=ttu
Lidl;https://www.google.com/maps/place/Lidl/@56.169084,10.0095472,11z/data=!4m10!1m2!2m1!1slidl!3m6!1s0x4652be615eb1ef7b:0x2b0e945483894a2c!8m2!3d56.1219974!4d10.1690236!15sCgRsaWRsIgOIAQFaBiIEbGlkbJIBC3N1cGVybWFya2V04AEA!16s%2Fg%2F11_sc3b0p?entry=ttu
Lidl;https://www.google.com/maps/place/Lidl/@56.169084,10.0095472,11z/data=!3m1!5s0x464c1549b2a396d9:0x6e3ce34bbe3f26d0!4m10!1m2!2m1!1slidl!3m6!1s0x464c1549ae145fff:0x154b12616ca5b68f!8m2!3d56.1541!4d10.136342!15sCgRsaWRsIgOIAQFaBiIEbGlkbJIBC3N1cGVybWFya2V04AEA!16s%2Fg%2F1hd_z21z0?entry=ttu
Lidl;https://www.google.com/maps/place/Lidl/@56.169084,10.0095472,11z/data=!4m10!1m2!2m1!1slidl!3m6!1s0x4652be615eb1ef7b:0x53e75c7156410bf5!8m2!3d56.1995524!4d10.1828309!15sCgRsaWRsIgOIAQFaBiIEbGlkbJIBC3N1cGVybWFya2V04AEA!16s%2Fg%2F1tfmgf51?entry=ttu
Lidl;https://www.google.com/maps/place/Lidl/@56.169084,10.0095472,11z/data=!4m10!1m2!2m1!1slidl!3m6!1s0x4652be615eb1ef7b:0x15b500fd82790f8d!8m2!3d56.2016473!4d10.2446504!15sCgRsaWRsIgOIAQFaBiIEbGlkbJIBC3N1cGVybWFya2V04AEA!16s%2Fg%2F11_s2ddcq?entry=ttu
Lidl;https://www.google.com/maps/place/Lidl/@56.169084,10.0095472,11z/data=!4m10!1m2!2m1!1slidl!3m6!1s0x4652be615eb1ef7b:0x15b500fd82790f8d!8m2!3d56.2016473!4d10.2446504!15sCgRsaWRsIgOIAQFaBiIEbGlkbJIBC3N1cGVybWFya2V04AEA!16s%2Fg%2F11_s2ddcq?entry=ttu
Lidl;https://www.google.com/maps/place/Lidl/@55.9684245,9.8681475,11z/data=!4m10!1m2!2m1!1slidl!3m6!1s0x4652be615eb1ef7b:0xd81458e5b87e2449!8m2!3d55.9684245!4d10.1482989!15sCgRsaWRsIgOIAQFaBiIEbGlkbJIBC3N1cGVybWFya2V04AEA!16s%2Fg%2F11_tpjfs_?entry=ttu
Lidl;https://www.google.com/maps/place/Lidl/@56.0622247,10.0627159,11.41z/data=!4m10!1m2!2m1!1slidl!3m6!1s0x4652be615eb1ef7b:0x2b0e945483894a2c!8m2!3d56.1219974!4d10.1690236!15sCgRsaWRsIgOIAQFaBiIEbGlkbJIBC3N1cGVybWFya2V04AEA!16s%2Fg%2F11_sc3b0p?entry=ttu
Lidl;https://www.google.com/maps/place/Lidl/@56.0622247,10.0627159,11.41z/data=!3m1!5s0x464c1549b2a396d9:0x6e3ce34bbe3f26d0!4m10!1m2!2m1!1slidl!3m6!1s0x464c1549ae145fff:0x154b12616ca5b68f!8m2!3d56.1541!4d10.136342!15sCgRsaWRsIgOIAQFaBiIEbGlkbJIBC3N1cGVybWFya2V04AEA!16s%2Fg%2F1hd_z21z0?entry=ttu
Løvbjerg;https://www.google.com/maps/place/L%C3%B8vbjerg/@56.149409,9.8891532,10z/data=!4m10!1m2!2m1!1zTMO4dmJqZXJn!3m6!1s0x464c3fb9ee02aed5:0xdcb1048c73423ed!8m2!3d56.1725193!4d10.2118307!15sCglMw7h2YmplcmciA4gBAZIBC3N1cGVybWFya2V04AEA!16s%2Fg%2F1thnmcw1?entry=ttu
MENY;https://www.google.com/maps/place/Meny/@56.1451259,10.1673245,12.34z/data=!4m10!1m2!2m1!1sMeny!3m6!1s0x464c3e4baafedf51:0x223f74eed2b8f33a!8m2!3d56.1873478!4d10.2144813!15sCgRNZW55IgOIAQFaBiIEbWVueZIBC3N1cGVybWFya2V04AEA!16s%2Fg%2F11h50_2345?entry=ttu
MENY;https://www.google.com/maps/place/Meny/@56.1432782,10.0761508,12z/data=!4m10!1m2!2m1!1sMeny!3m6!1s0x464c3ff5e83ef1ab:0xd1af51bdbe2b0011!8m2!3d56.1431682!4d10.1868264!15sCgRNZW55IgOIAQFaBiIEbWVueZIBC3N1cGVybWFya2V04AEA!16s%2Fg%2F1hd_7jng7?entry=ttu
MENY;https://www.google.com/maps/place/Meny/@56.2733372,9.8676731,11z/data=!4m10!1m2!2m1!1sMeny!3m6!1s0x464c6cb834e02849:0x3214fce297ca2396!8m2!3d56.1446495!4d10.0010888!15sCgRNZW55IgOIAQFaBiIEbWVueZIBC3N1cGVybWFya2V04AEA!16s%2Fg%2F1q5bn1jfj?entry=ttu
føtex;https://www.google.com/maps/place/f%C3%B8tex+food/@56.2366481,10.077461,11.76z/data=!4m10!1m2!2m1!1zZsO4dGV4!3m6!1s0x464c3c17644a7b93:0x43fb6cfb9e0b94f!8m2!3d56.2343618!4d10.3001655!15sCgZmw7h0ZXgiA4gBAVoIIgZmw7h0ZXiSAQtzdXBlcm1hcmtldOABAA!16s%2Fg%2F1hc8cp92y?entry=ttu
føtex;https://www.google.com/maps/place/f%C3%B8tex/@56.2366481,10.077461,11.76z/data=!4m10!1m2!2m1!1zZsO4dGV4!3m6!1s0x464c3e8ce41a72e5:0x6ee4d7eee774154a!8m2!3d56.20488!4d10.2619272!15sCgZmw7h0ZXgiA4gBAVoIIgZmw7h0ZXiSAQtzdXBlcm1hcmtldOABAA!16s%2Fg%2F1hc1tl8dn?entry=ttu
føtex;https://www.google.com/maps/place/f%C3%B8tex+Skejby/@56.2366481,10.077461,11.76z/data=!4m10!1m2!2m1!1zZsO4dGV4!3m6!1s0x464c3e2e33885067:0x13f240ab85d52d29!8m2!3d56.1936881!4d10.1940193!15sCgZmw7h0ZXgiA4gBAVoIIgZmw7h0ZXiSAQtzdXBlcm1hcmtldOABAA!16s%2Fg%2F1hc20xz7q?entry=ttu
føtex;https://www.google.com/maps/place/f%C3%B8tex/@56.2366481,10.077461,11.76z/data=!3m1!5s0x464c3fc4a4b40705:0x924ad72e168015fa!4m10!1m2!2m1!1zZsO4dGV4!3m6!1s0x464c3fc4bf4fd401:0x716a1022037b121f!8m2!3d56.1709604!4d10.1885454!15sCgZmw7h0ZXgiA4gBAVoIIgZmw7h0ZXiSAQtzdXBlcm1hcmtldOABAA!16s%2Fg%2F11_rflhrh?entry=ttu
føtex;https://www.google.com/maps/place/f%C3%B8tex+City+Vest/@56.2366481,10.077461,11.76z/data=!3m1!5s0x464c1549b2a2e63b:0x6e3ce34b05d7aad4!4m10!1m2!2m1!1zZsO4dGV4!3m6!1s0x464c1548450b0d99:0x553491565eca60e8!8m2!3d56.1549827!4d10.1346615!15sCgZmw7h0ZXgiA4gBAVoIIgZmw7h0ZXiSAQtzdXBlcm1hcmtldOABAA!16s%2Fg%2F1hc7dvzn3?entry=ttu
føtex;https://www.google.com/maps/place/f%C3%B8tex+Food+Nicolinehus/@56.2366481,10.077461,11.76z/data=!4m10!1m2!2m1!1zZsO4dGV4!3m6!1s0x464c3f40496e6399:0xe24ebd63416624f0!8m2!3d56.1643605!4d10.222877!15sCgZmw7h0ZXgiA4gBAVoIIgZmw7h0ZXiSAQtzdXBlcm1hcmtldOABAA!16s%2Fg%2F11t1lp9xg7?entry=ttu
føtex;https://www.google.com/maps/place/f%C3%B8tex+Viby/@56.0693708,10.0887943,11.76z/data=!3m1!5s0x464c401d7ba981ef:0xb82304e81d926707!4m10!1m2!2m1!1zZsO4dGV4!3m6!1s0x464c401cf675c8c1:0x37f3c45d1217273e!8m2!3d56.1304201!4d10.1609121!15sCgZmw7h0ZXgiA4gBAVoIIgZmw7h0ZXiSAQtzdXBlcm1hcmtldOABAA!16s%2Fg%2F1q5gp609p?entry=ttu
føtex;https://www.google.com/maps/place/f%C3%B8tex+Holme/@56.0693708,10.0887943,11.76z/data=!4m10!1m2!2m1!1zZsO4dGV4!3m6!1s0x464c40395dd5ccd7:0x713bc5f1ce5553d0!8m2!3d56.1132587!4d10.1741951!15sCgZmw7h0ZXgiA4gBAVoIIgZmw7h0ZXiSAQtzdXBlcm1hcmtldOABAA!16s%2Fg%2F1hc165k8s?entry=ttu
Kvickly;https://www.google.com/maps/place/Kvickly/@56.1771301,10.1364078,11.35z/data=!4m10!1m2!2m1!1sKvickly!3m6!1s0x464c3e4a3409ba55:0x7a14fa7eece5e9a3!8m2!3d56.189145!4d10.214827!15sCgdLdmlja2x5IgOIAQFaCSIHa3ZpY2tseZIBC3N1cGVybWFya2V04AEA!16s%2Fg%2F11r96hwj0?entry=ttu
Kvickly;https://www.google.com/maps/place/Kvickly/@56.1554937,9.9447828,11z/data=!4m10!1m2!2m1!1sKvickly!3m6!1s0x464c155808a99199:0xf35634a20d90083e!8m2!3d56.1554822!4d10.1645888!15sCgdLdmlja2x5IgOIAQFaCSIHa3ZpY2tseZIBEGhvbWVfZ29vZHNfc3RvcmXgAQA!16s%2Fg%2F1hc79bntx?entry=ttu
Kvickly;https://www.google.com/maps/place/Kvickly/@56.1554937,9.9447828,11z/data=!4m10!1m2!2m1!1sKvickly!3m6!1s0x464c402128176b97:0xe4afc150c6b29fb4!8m2!3d56.1168513!4d10.1545782!15sCgdLdmlja2x5IgOIAQFaCSIHa3ZpY2tseZIBEGhvbWVfZ29vZHNfc3RvcmXgAQA!16s%2Fg%2F1hc764r5j?entry=ttu
Netto;https://www.google.com/maps/place/Netto/@56.0573041,10.1000796,11.55z/data=!4m10!1m2!2m1!1sNetto!3m6!1s0x464c4398d69f03bd:0x45a48270154228!8m2!3d56.0289501!4d10.1844387!15sCgVOZXR0byIDiAEBWgciBW5ldHRvkgELc3VwZXJtYXJrZXTgAQA!16s%2Fg%2F11f03wcv2m?entry=ttu
Netto;https://www.google.com/maps/place/Netto/@56.0573041,10.1000796,11.55z/data=!4m10!1m2!2m1!1sNetto!3m6!1s0x464c417bf3d12da1:0x5d9d9532e2acfc19!8m2!3d56.0563889!4d10.2025001!15sCgVOZXR0byIDiAEBWgciBW5ldHRvkgELc3VwZXJtYXJrZXTgAQA!16s%2Fg%2F11xtwjr72?entry=ttu
Netto;https://www.google.com/maps/place/Netto/@56.0870273,9.8493395,11z/data=!4m10!1m2!2m1!1sNetto!3m6!1s0x464c6bbfe2ebe5b5:0x20693e19f823b48e!8m2!3d56.0869667!4d10.040852!15sCgVOZXR0byIDiAEBWgciBW5ldHRvkgELc3VwZXJtYXJrZXTgAQA!16s%2Fg%2F11bwyllphl?entry=ttu
Netto;https://www.google.com/maps/place/Netto/@56.0870273,9.8493395,11z/data=!4m10!1m2!2m1!1sNetto!3m6!1s0x464c6a7b7051f797:0x2413ec2f83bad5ce!8m2!3d56.0947664!4d10.1288379!15sCgVOZXR0byIDiAEBWgciBW5ldHRvkgENZ3JvY2VyeV9zdG9yZeABAA!16s%2Fg%2F11xjhqy4n?entry=ttu
Netto;https://www.google.com/maps/place/Netto/@56.0870273,9.8493395,11z/data=!4m10!1m2!2m1!1sNetto!3m6!1s0x464c6b5086e2e899:0x2c18e5378237dd8!8m2!3d56.1069739!4d10.1026331!15sCgVOZXR0byIDiAEBWgciBW5ldHRvkgENZ3JvY2VyeV9zdG9yZeABAA!16s%2Fg%2F11gypv_slf?entry=ttu
Netto;https://www.google.com/maps/place/Netto/@56.0870273,9.8493395,11z/data=!4m10!1m2!2m1!1sNetto!3m6!1s0x464c415802e07dcd:0x1ba52c20e324d9a0!8m2!3d56.1178416!4d10.1936477!15sCgVOZXR0byIDiAEBWgciBW5ldHRvkgENZ3JvY2VyeV9zdG9yZeABAA!16s%2Fg%2F11f03qh3nz?entry=ttu
Netto;https://www.google.com/maps/place/Netto/@56.0870273,9.8493395,11z/data=!4m10!1m2!2m1!1sNetto!3m6!1s0x464c403fd6229381:0x76a579803ae10aa2!8m2!3d56.1197566!4d10.1808228!15sCgVOZXR0byIDiAEBWgciBW5ldHRvkgENZ3JvY2VyeV9zdG9yZeABAA!16s%2Fg%2F11ckvk7206?entry=ttu
Netto;https://www.google.com/maps/place/Netto/@56.0870273,9.8493395,11z/data=!4m10!1m2!2m1!1sNetto!3m6!1s0x464c6cb439616ed3:0xdfc29b594516ba3d!8m2!3d56.1520869!4d10.0049115!15sCgVOZXR0byIDiAEBWgciBW5ldHRvkgELc3VwZXJtYXJrZXTgAQA!16s%2Fg%2F11xfkr385?entry=ttu
Netto;https://www.google.com/maps/place/Netto/@56.0870273,9.8493395,11z/data=!4m10!1m2!2m1!1sNetto!3m6!1s0x464c14d5efa6c8d5:0x980052ffd6973070!8m2!3d56.154291!4d10.0981522!15sCgVOZXR0byIDiAEBWgciBW5ldHRvkgENZ3JvY2VyeV9zdG9yZeABAA!16s%2Fg%2F11xv2py3b?entry=ttu
Netto;https://www.google.com/maps/place/Netto/@56.1026037,10.0829387,12.47z/data=!4m10!1m2!2m1!1sNetto!3m6!1s0x464c415802e07dcd:0x1ba52c20e324d9a0!8m2!3d56.1178416!4d10.1936477!15sCgVOZXR0byIDiAEBWgciBW5ldHRvkgENZ3JvY2VyeV9zdG9yZeABAA!16s%2Fg%2F11f03qh3nz?entry=ttu
Netto;https://www.google.com/maps/place/Netto/@56.1026037,10.0829387,12.47z/data=!4m10!1m2!2m1!1sNetto!3m6!1s0x464c403fd6229381:0x76a579803ae10aa2!8m2!3d56.1197566!4d10.1808228!15sCgVOZXR0byIDiAEBWgciBW5ldHRvkgENZ3JvY2VyeV9zdG9yZeABAA!16s%2Fg%2F11ckvk7206?entry=ttu
Netto;https://www.google.com/maps/place/Netto/@56.1026037,10.0829387,12.47z/data=!4m10!1m2!2m1!1sNetto!3m6!1s0x464c4139bda85275:0xee0a5604fcfb21a!8m2!3d56.1300146!4d10.176356!15sCgVOZXR0byIDiAEBWgciBW5ldHRvkgENZ3JvY2VyeV9zdG9yZeABAA!16s%2Fg%2F11j0v71hvv?entry=ttu
Netto;https://www.google.com/maps/place/Netto/@56.1542867,9.9972865,12z/data=!4m10!1m2!2m1!1sNetto!3m6!1s0x464c14d5efa6c8d5:0x980052ffd6973070!8m2!3d56.154291!4d10.0981522!15sCgVOZXR0byIDiAEBWgciBW5ldHRvkgENZ3JvY2VyeV9zdG9yZeABAA!16s%2Fg%2F11xv2py3b?entry=ttu
Netto;https://www.google.com/maps/place/Netto/@56.1542867,9.9972865,12z/data=!4m10!1m2!2m1!1sNetto!3m6!1s0x464c3ffdc96b4331:0x4700902caf3cd0f1!8m2!3d56.1500915!4d10.1682726!15sCgVOZXR0byIDiAEBWgciBW5ldHRvkgENZ3JvY2VyeV9zdG9yZeABAA!16s%2Fg%2F11crydvr72?entry=ttu
Netto;https://www.google.com/maps/place/Netto/@56.1542867,9.9972865,12z/data=!4m10!1m2!2m1!1sNetto!3m6!1s0x464c3fe2baa9a75f:0xedbfeb96f862858a!8m2!3d56.1554465!4d10.1663536!15sCgVOZXR0byIDiAEBWgciBW5ldHRvkgELc3VwZXJtYXJrZXTgAQA!16s%2Fg%2F11bwpz638j?entry=ttu
Netto;https://www.google.com/maps/place/Netto/@56.1501466,10.0731891,12.78z/data=!4m10!1m2!2m1!1sNetto!3m6!1s0x464c3fecbfe4b977:0x846c10d6f47a83cb!8m2!3d56.1547711!4d10.1823873!15sCgVOZXR0byIDiAEBWgciBW5ldHRvkgENZ3JvY2VyeV9zdG9yZeABAA!16s%2Fg%2F12lk9yt0h?entry=ttu
Netto;https://www.google.com/maps/place/Netto/@56.1968326,10.1159241,12.78z/data=!3m1!5s0x464c3fbd270711eb:0xd2da18be4b2bd30a!4m10!1m2!2m1!1sNetto!3m6!1s0x464c3ff6da86989d:0xd126499670c7cf94!8m2!3d56.1644782!4d10.2165676!15sCgVOZXR0byIDiAEBWgciBW5ldHRvkgENZ3JvY2VyeV9zdG9yZeABAA!16s%2Fg%2F11fml38wk6?entry=ttu
Netto;https://www.google.com/maps/place/Netto/@56.2379714,10.0928703,11.74z/data=!4m10!1m2!2m1!1sNetto!3m6!1s0x464c3c8da25751eb:0x3df8dc93f12baa44!8m2!3d56.2758675!4d10.3164113!15sCgVOZXR0byIDiAEBWgciBW5ldHRvkgENZ3JvY2VyeV9zdG9yZeABAA!16s%2Fg%2F11bxb47wpf?entry=ttu
Netto;https://www.google.com/maps/place/Netto/@56.2379714,10.0928703,11.74z/data=!4m10!1m2!2m1!1sNetto!3m6!1s0x464c3e9fe1e2c1e7:0x51bea9025f889375!8m2!3d56.223481!4d10.289072!15sCgVOZXR0byIDiAEBWgciBW5ldHRvkgENZ3JvY2VyeV9zdG9yZeABAA!16s%2Fg%2F11f3b5czcm?entry=ttu
Netto;https://www.google.com/maps/place/Netto/@56.2379714,10.0928703,11.74z/data=!4m10!1m2!2m1!1sNetto!3m6!1s0x464c3ef3197c0ddd:0x3751d2174dababb8!8m2!3d56.2016412!4d10.2608672!15sCgVOZXR0byIDiAEBWgciBW5ldHRvkgELc3VwZXJtYXJrZXTgAQA!16s%2Fg%2F11bxb91ypr?entry=ttu
Netto;https://www.google.com/maps/place/Netto/@56.2379714,10.0928703,11.74z/data=!4m10!1m2!2m1!1sNetto!3m6!1s0x464c3e46a62c06e9:0x6472d5297fc9ab8a!8m2!3d56.2000344!4d10.2235132!15sCgVOZXR0byIDiAEBWgciBW5ldHRvkgENZ3JvY2VyeV9zdG9yZeABAA!16s%2Fg%2F11c3vh4h21?entry=ttu
Netto;https://www.google.com/maps/place/Netto/@56.2379714,10.0928703,11.74z/data=!4m10!1m2!2m1!1sNetto!3m6!1s0x464c3e75a2b0dd31:0x58ca11bdf628119b!8m2!3d56.2287921!4d10.2377884!15sCgVOZXR0byIDiAEBWgciBW5ldHRvkgENZ3JvY2VyeV9zdG9yZeABAA!16s%2Fg%2F11b8v9hdk1?entry=ttu
Netto;https://www.google.com/maps/place/Netto/@56.2379714,10.0928703,11.74z/data=!4m10!1m2!2m1!1sNetto!3m6!1s0x464c3e46a62c06e9:0x6472d5297fc9ab8a!8m2!3d56.2000344!4d10.2235132!15sCgVOZXR0byIDiAEBWgciBW5ldHRvkgENZ3JvY2VyeV9zdG9yZeABAA!16s%2Fg%2F11c3vh4h21?entry=ttu
Netto;https://www.google.com/maps/place/Netto/@56.2379714,10.0928703,11.74z/data=!4m10!1m2!2m1!1sNetto!3m6!1s0x464c3e4bcfcbfe17:0x89454eb2dc0760a7!8m2!3d56.1893207!4d10.2162106!15sCgVOZXR0byIDiAEBWgciBW5ldHRvkgENZ3JvY2VyeV9zdG9yZeABAA!16s%2Fg%2F11rs0vp_x?entry=ttu
Netto;https://www.google.com/maps/place/Netto/@56.2654017,9.8940312,11z/data=!4m10!1m2!2m1!1sNetto!3m6!1s0x464c1137dc7c80f5:0x7c3bfed9916d32b2!8m2!3d56.265407!4d10.062048!15sCgVOZXR0byIDiAEBWgciBW5ldHRvkgELc3VwZXJtYXJrZXTgAQA!16s%2Fg%2F11fylssjkx?entry=ttu
Netto;https://www.google.com/maps/place/Netto/@56.2654017,9.8940312,11z/data=!4m10!1m2!2m1!1sNetto!3m6!1s0x464c14f116d96047:0x95965fe2e2e8e8cd!8m2!3d56.1873025!4d10.0893231!15sCgVOZXR0byIDiAEBWgciBW5ldHRvkgENZ3JvY2VyeV9zdG9yZeABAA!16s%2Fg%2F1q5bmzyf0?entry=ttu
Netto;https://www.google.com/maps/place/Netto/@56.2654017,9.8940312,11z/data=!4m10!1m2!2m1!1sNetto!3m6!1s0x464c151461ef0f19:0x4b33decf1d901712!8m2!3d56.1769365!4d10.1374635!15sCgVOZXR0byIDiAEBWgciBW5ldHRvkgENZ3JvY2VyeV9zdG9yZeABAA!16s%2Fg%2F119vyd536?entry=ttu
Netto;https://www.google.com/maps/place/Netto/@56.1547572,10.0030316,11.84z/data=!4m10!1m2!2m1!1sNetto!3m6!1s0x464c14d5efa6c8d5:0x980052ffd6973070!8m2!3d56.154291!4d10.0981522!15sCgVOZXR0byIDiAEBWgciBW5ldHRvkgENZ3JvY2VyeV9zdG9yZeABAA!16s%2Fg%2F11xv2py3b?entry=ttu
Let-køb;https://www.google.com/maps/place/Netto/@56.1547572,10.0030316,11.84z/data=!4m10!1m2!2m1!1sNetto!3m6!1s0x464c15b864995a89:0x72f46f88ca3a1d60!8m2!3d56.1623978!4d10.1412626!15sCgVOZXR0byIDiAEBWgciBW5ldHRvkgENZ3JvY2VyeV9zdG9yZeABAA!16s%2Fg%2F11sd338v2l?entry=ttu
Let-køb;https://www.google.com/maps/place/Let-K%C3%B8b/@56.1051246,10.0484317,12z/data=!4m11!1m3!2m2!1zTGV0LUvDuGI!6e6!3m6!1s0x464c406a23afd897:0xa5cac6273cb57ecf!8m2!3d56.1315403!4d10.1809299!15sCghMZXQtS8O4YloKIghsZXQga8O4YpIBC3N1cGVybWFya2V04AEA!16s%2Fg%2F11h0d7sq0?entry=ttu
Let-køb;https://www.google.com/maps/place/Let-K%C3%B8b/@56.1051246,10.0484317,12z/data=!4m11!1m3!2m2!1zTGV0LUvDuGI!6e6!3m6!1s0x464c4009c7718f99:0x95ab7bd40668d348!8m2!3d56.1408509!4d10.1816757!15sCghMZXQtS8O4YloKIghsZXQga8O4YpIBDWdyb2Nlcnlfc3RvcmXgAQA!16s%2Fg%2F1tj9ryt8?entry=ttu
Let-køb;https://www.google.com/maps/place/Let-K%C3%B8b/@56.1051246,10.0484317,12z/data=!4m11!1m3!2m2!1zTGV0LUvDuGI!6e6!3m6!1s0x464c3f8957c15555:0xb06131540f67a1ca!8m2!3d56.1455025!4d10.2026578!15sCghMZXQtS8O4YloKIghsZXQga8O4YpIBDWdyb2Nlcnlfc3RvcmXgAQA!16s%2Fg%2F11gbk14qb0?entry=ttu
Let-køb;https://www.google.com/maps/place/Let-K%C3%B8b/@56.1051246,10.0484317,12z/data=!4m11!1m3!2m2!1zTGV0LUvDuGI!6e6!3m6!1s0x464c406a23afd897:0xa5cac6273cb57ecf!8m2!3d56.1315403!4d10.1809299!15sCghMZXQtS8O4YloKIghsZXQga8O4YpIBC3N1cGVybWFya2V04AEA!16s%2Fg%2F11h0d7sq0?entry=ttu
Spar;https://www.google.com/maps/place/Spar/@56.1259935,10.1265094,14.2z/data=!4m10!1m2!2m1!1sSpar!3m6!1s0x464c6a98bdba5e85:0xb082056e457dd365!8m2!3d56.1223362!4d10.142124!15sCgRTcGFyIgOIAQFaBiIEc3BhcpIBC3N1cGVybWFya2V04AEA!16s%2Fg%2F11clnwsdt9?entry=ttu